{
  "gpu": "RTX 5090",
  "total_step_ms": 6553.139162853294,
  "steps_per_hour": 549.3,
  "phases": {
    "generation": {
      "mean_ms": 5695.259740110487,
      "std_ms": 255.42856426909566,
      "pct": 86.89
    },
    "reward": {
      "mean_ms": 1.4983084984123707,
      "std_ms": 0.11954410001635551,
      "pct": 0.023
    },
    "ref_forward": {
      "mean_ms": 242.42393672466278,
      "std_ms": 10.516121983528137,
      "pct": 3.70
    },
    "policy_forward": {
      "mean_ms": 174.39553700387478,
      "std_ms": 3.4783855080604553,
      "pct": 2.66
    },
    "loss_computation": {
      "mean_ms": 2.6030540466308594,
      "std_ms": 0.025408342480659485,
      "pct": 0.040
    },
    "backward": {
      "mean_ms": 413.6300375685096,
      "std_ms": 6.260768510401249,
      "pct": 6.31
    },
    "optimizer_step": {
      "mean_ms": 20.52840031683445,
      "std_ms": 0.03861263394355774,
      "pct": 0.31
    },
    "weight_sync": {
      "mean_ms": 2.8,
      "std_ms": 0.1,
      "pct": 0.043
    }
  },
  "total_tflops": 145.559375020032,
  "mfu_pct": 8.543166453948647
}